"","Nr_code","Chr_code_ger","name","bot_name","bot_genus","bot_species","Flora_EU","LH_NH","IPC","WZE","BWI","BZE_al","tpS_SP_com_name","tpS_ID","H_SP_group","BWI_SP_group","Bio_SP_group","N_SP_group","N_bg_SP_group","N_f_SP_group_MoMoK","RG_Wolff_bio","BWI_comparisson_group","bark_type_SP_group","fruit_type_SP_group"
"1",100,"Ah","Ahorn","Acer spp.","Acer","spp.","095.001.999.DL","LB",215,30011,"AH","WAHR","Acer spp.",22,"bu","aLh","bu","AH","BU","aLB","BAH","aLh","Acer spp.","Acer spp."
"2",101,"SAh","Spitz-Ahorn","Acer platanoides","Acer","platanoides","095.001.001","LB",4,30011,"SAH","WAHR","Acer platanoides",24,"bu","aLh","bu","AH","BU","aLB","BAH","aLh","Acer platanoides","Acer platanoides"
"3",102,"BAh","Berg-Ahorn","Acer pseudoplatanus","Acer","pseudoplatanus","095.001.005","LB",227,30011,"BAH","WAHR","Acer pseudoplatanus",23,"bu","aLh","bu","AH","BU","aLB","BAH","aLh","Acer pseudoplatanus","Acer pseudoplatanus"
"4",103,"Er","Erle","Alnus spp.","Alnus","spp.","034.002.999","LB",216,30011,"ERL","WAHR","Alnus spp.",28,"bu","aLn","shw","ERL","BI","ERL","BI","aLn","Alnus spp.","Alnus spp."
"5",106,"Bi","Birke","Betula spp.","Betula","spp.","034.001.999.DL","LB",212,30011,"BI","WAHR","Betula spp.",26,"bu","aLn","shw","BI","BI","BI","BI","aLn","Betula spp.","Betula spp."
"6",109,"HBu","Hainbuche","Carpinus betulus","Carpinus","betulus","035.001.001","LB",13,30011,"HBU","WAHR","Carpinus betulus",16,"bu","aLh","bu","BU","BU","aLB","ES","aLh","Carpinus betulus","Carpinus betulus"
"7",110,"EKa","Edel-Kastanie","Castanea sativa","Castanea","sativa","036.003.001","LB",15,30011,"KA","FALSCH","Castanea sativa",33,"bu","aLh","bu","BU","BU","aLB","ES","aLh","Castanea sativa","Castanea sativa"
"8",111,"RBu","Rot-Buche","Fagus sylvatica","Fagus","sylvatica","036.001.001","LB",20,30016,"BU","WAHR","Fagus sylvatica",15,"bu","bu","bu","BU","BU","aLB","BU","bu","Fagus sylvatica","Fagus sylvatica"
"9",112,"GEs","Gewoehnliche Esche","Fraxinus excelsior","Fraxinus","excelsior","139.004.003","LB",22,30011,"ES","WAHR","Fraxinus excelsior",21,"bu","aLh","bu","ES","BU","aLB","ES","aLh","Fraxinus excelsior","Fraxinus excelsior"
"10",113,"Kir","Vogel-Kirsche","Prunus avium","Prunus","avium","080.035.014","LB",36,30011,"KIR","WAHR","Prunus avium",29,"bu","aLn","shw","BI","BI","aLB","BI","aLn","Prunus avium","Prunus avium"
"11",114,"Pa","Pappel","Populus spp.","Populus","spp.","031.002.999.DL","LB",211,30011,"PA","WAHR","Populus spp.",19,"bu","aLn","shw","BI","BI","aLB","BI","aLn","Populus spp.","Populus balsamifera"
"12",115,"Eis","Eiche","Quercus spp.","Quercus","spp.","036.004.999.DL","LB",99,30013,"EI","FALSCH","Quercus spp.",17,"ei","ei","ei","EI","EI","aLB","EI","ei","Quercus spp.","Quercus spp."
"13",118,"REi","Rot-Eiche","Quercus rubra","Quercus","rubra","036.004.001","LB",53,30011,"REI","WAHR","Quercus rubra",18,"ei","ei","ei","EI","EI","aLB","EI","ei","Quercus rubra","Quercus rubra"
"14",119,"Rob","Robinie","Robinia pseudoacacia","Robinia","pseudoacacia","081.030.001","LB",56,30011,"ROB","WAHR","Robinia pseudoacacia",31,"bu","aLh","bu","BU","BU","aLB","ES","aLh","Robinia pseudoacacia","Robinia pseudoacacia"
"15",120,"Wei","Weide","Salix spp.","Salix","spp.","031.001.999.DL","LB",62,30011,"SLB","WAHR","Salix spp.",34,"bu","aLn","shw","BI","BI","aLB","BI","aLn","Salix spp.","Salix spp."
"16",121,"Vbe","Vogelbeere","Sorbus aucuparia","Sorbus","aucuparia","080.028.002","LB",64,30011,"VB","WAHR","Sorbus aucuparia",36,"bu","aLh","bu","BU","BU","aLB","VB","aLh","Sorbus spp.","Sorbus spp."
"17",122,"Li","Linde","Tilia spp.","Tilia","spp.","105.001.999.DL","LB",210,30011,"LI","WAHR","Tilia spp.",27,"bu","aLh","bu","BU","BU","aLB","ES","aLh","Tilia spp.","Tilia spp."
"18",125,"Ul","Ulme","Ulmus spp.","Ulmus","spp.","037.001.999.DL","LB",213,30011,"UL","WAHR","Ulmus spp.",30,"bu","aLh","bu","BU","BU","aLB","ES","aLh","Ulmus spp.","Ulmus spp."
"19",127,"BPa","Balsampappel","Populus balsamifera","Populus","balsamifera","","LB",230,30011,"PA","FALSCH","Populus balsamifera",20,"bu","aLn","shw","BI","BI","aLB","BI","aLn","Populus balsamifera","Populus balsamifera"
"20",130,"Els","Elsbeere","Sorbus torminalis","Sorbus","torminalis","080.028.003","LB",66,30011,"VB","WAHR","Sorbus torminalis",32,"bu","aLh","bu","BU","BU","aLB","VB","aLh","Sorbus torminalis","Sorbus torminalis"
"21",131,"Es","Esche","Fraxinus excelsior","Fraxinus","excelsior","139.004.003","LB",22,30011,"ES","FALSCH","Fraxinus excelsior",21,"bu","aLh","bu","ES","BU","aLB","ES","aLh","Fraxinus excelsior","Fraxinus excelsior"
"22",132,"FAh","Feldahorn","Acer campestre","Acer","campestre","095.001.003","LB",1,30011,"FAH","WAHR","Acer campestre",25,"bu","aLh","bu","AH","BU","aLB","BAH","aLh","Acer campestre","Acer campestre"
"23",201,"WTa","Weiß-Tanne","Abies alba","Abies","alba","026.001.006","NB",100,30012,"TA","WAHR","Abies alba",3,"ta","fi","fi","FI","FI","aNB","FI","ta","Abies alba","Abies alba"
"24",202,"KTa","Kuesten-Tanne","Abies grandis","Abies","grandis","026.001.002","NB",103,30012,"TA","WAHR","Abies grandis",4,"ta","fi","fi","FI","FI","aNB","FI","ta","Abies alba","Abies alba"
"25",203,"Lae","Laerche","Larix spp.","Larix","spp.","026.005.999.DL","NB",197,30012,"LAE","WAHR","Larix spp.",9,"lae","ki","ki","KI","LA","aNB","FI","lae","Larix spp.","Larix spp."
"26",204,"ELa","Europaeische Laerche","Larix decidua","Larix","decidua","026.005.002","NB",116,30012,"ELA","WAHR","Larix decidua",10,"lae","ki","ki","KI","LA","aNB","FI","lae","Larix decidua","Larix decidua"
"27",210,"SKi","Schwarz-Kiefer","Pinus nigra","Pinus","nigra","026.007.006","NB",129,30012,"KI","WAHR","Pinus nigra",6,"ki","ki","ki","KI","KIN","KI","KI","ki","Pinus nigra","Pinus nigra"
"28",211,"GKi","Gewoehnliche Kiefer","Pinus sylvestris","Pinus","sylvestris","026.007.007","NB",134,30015,"KI","WAHR","Pinus sylvestris",5,"ki","ki","ki","KI","KI","KI","KI","ki","Pinus spp.","Pinus spp."
"29",231,"RFi","Rotfichte","Picea abies","Picea","abies","026.004.001","NB",118,30014,"FI","FALSCH","Picea abies",1,"fi","fi","fi","FI","FI","FI","FI","fi","Picea abies","Picea abies"
"30",235,"Str","Strobe","Pinus strobus","Pinus","strobus","026.007.018","NB",133,30012,"WEY","WAHR","Pinus strobus",7,"ki","ki","ki","KI","KI","KI","KI","ki","Pinus spp.","Pinus spp."
"31",-9,"fehlt","Merkmal vergessen, nicht rekonstruierbar oder unbekannt","-2","-2","-2","","",0,NA,"","FALSCH","missing",NA,"fi","other","other","other","other","other","BU","other","-2","-2"
"32",-2,"nicht ausgeprägt","Merkmal nicht ausgeprägt/nicht vorhanden","-2","-2","-2","","",NA,NA,"","FALSCH","missing",NA,"fi","other","other","other","other","other","BU","other","-2","-2"
"33",-1,"nicht erhoben","Merkmal nicht erhoben","-2","-2","-2","","",0,NA,"","FALSCH","missing",NA,"fi","other","other","other","other","other","BU","other","-2","-2"
"34",104,"SEr","Schwarz-Erle","Alnus glutinosa","Alnus","glutinosa","034.002.002","LB",7,30011,"ERL","WAHR","Alnus spp.",28,"bu","aLn","shw","ERL","BI","ERL","BI","aLn","Alnus spp.","Alnus spp."
"35",105,"WEr","Grau-Erle","Alnus incana","Alnus","incana","034.002.004","LB",8,30011,"ERL","WAHR","Alnus spp.",28,"bu","aLn","shw","ERL","BI","ERL","BI","aLn","Alnus spp.","Alnus spp."
"36",107,"SBi","Sand-Birke","Betula pendula","Betula","pendula","034.001.001","LB",10,30011,"BI","WAHR","Betula spp.",26,"bu","aLn","shw","BI","BI","BI","BI","aLn","Betula spp.","Betula spp."
"37",108,"MBi","Moor-Birke","Betula pubescens","Betula","pubescens","034.001.002","LB",11,30011,"BI","WAHR","Betula spp.",26,"bu","aLn","shw","BI","BI","BI","BI","aLn","Betula spp.","Betula spp."
"38",116,"TEi","Trauben-Eiche","Quercus petraea","Quercus","petraea","036.004.011","LB",48,30013,"EI","WAHR","Quercus spp.",17,"ei","ei","ei","EI","EI","aLB","EI","ei","Quercus spp.","Quercus spp."
"39",117,"SEi","Stiel-Eiche","Quercus robur ","Quercus","robur ","036.004.014","LB",51,30013,"EI","WAHR","Quercus spp.",17,"ei","ei","ei","EI","EI","aLB","EI","ei","Quercus spp.","Quercus spp."
"40",123,"WLi","Winter-Linde","Tilia cordata","Tilia","cordata","105.001.005","LB",68,30011,"LI","WAHR","Tilia spp.",27,"bu","aLh","bu","BU","BU","aLB","ES","aLh","Tilia spp.","Tilia spp."
"41",124,"SLi","Sommer-Linde","Tilia platyphyllos","Tilia","platyphyllos","105.001.003","LB",69,30011,"LI","WAHR","Tilia spp.",27,"bu","aLh","bu","BU","BU","aLB","ES","aLh","Tilia spp.","Tilia spp."
"42",126,"As","Aspe/Zitterpappel","Populus tremula","Populus","tremula","031.002.004","LB",35,30011,"PA","WAHR","Populus spp.",19,"bu","aLn","shw","BI","BI","aLB","BI","aLn","Populus spp.","Populus balsamifera"
"43",128,"BUl","Bergulme","Ulmus glabra","Ulmus","glabra","037.001.001","LB",70,30011,"UL","WAHR","Ulmus spp.",30,"bu","aLh","bu","BU","BU","aLB","ES","aLh","Ulmus spp.","Ulmus spp."
"44",129,"BWe","Bruchweide","Salix fragilis","Salix","fragilis","031.001.002","LB",61,30011,"SLB","FALSCH","Salix spp.",34,"bu","aLn","shw","BI","BI","aLB","BI","aLn","Salix spp.","Salix spp."
"45",133,"FUl","Feldulme","Ulmus campestris","Ulmus","campestris","","LB",72,30011,"UL","FALSCH","Ulmus spp.",30,"bu","aLh","bu","BU","BU","aLB","ES","aLh","Ulmus spp.","Ulmus spp."
"46",134,"FLu","Flatterulme","Ulmus laevis (vorher effusa)","Ulmus","laevis (vorher effusa)","","LB",71,30011,"UL","FALSCH","Ulmus spp.",30,"bu","aLh","bu","BU","BU","aLB","ES","aLh","Ulmus spp.","Ulmus spp."
"47",135,"GPa","Graupappel","Populus x canescens","Populus","x canescens","031.002.002","LB",32,30011,"PA","FALSCH","Populus spp.",19,"bu","aLn","shw","BI","BI","aLB","BI","aLn","Populus spp.","Populus balsamifera"
"48",136,"GEr","Gruenerle","Alnus viridis","Alnus","viridis","034.002.001","LB",9,30011,"ERL","FALSCH","Alnus spp.",28,"bu","aLn","shw","ERL","BI","ERL","BI","aLn","Alnus spp.","Alnus spp."
"49",137,"Hi","Hickory","Carya spp.","Carya","spp.","","LB",99,30011,"SLB","FALSCH","Magnoliopsida trees",35,"bu","aLn","shw","BI","BI","aLB","BI","aLn","Fagus sylvatica","Fagus sylvatica"
"50",138,"HBi","Hybridbirke","Betula x hybrida","Betula","x hybrida","","LB",214,30011,"BI","FALSCH","Betula spp.",26,"bu","aLn","shw","BI","BI","BI","BI","aLn","Betula spp.","Betula spp."
"51",139,"JBi","Japanbirke","Betula platyphylla var. Japonica","Betula","platyphylla var. Japonica","","LB",99,30011,"BI","WAHR","Betula spp.",26,"bu","aLn","shw","BI","BI","BI","BI","aLn","Betula spp.","Betula spp."
"52",140,"Me","Mehlbeere","Sorbus aria","Sorbus","aria","080.028.005","LB",63,30011,"VB","WAHR","Sorbus aucuparia",36,"bu","aLh","bu","BU","BU","aLB","VB","aLh","Sorbus aria","Sorbus aria"
"53",141,"Mi","Mispel","Mespilus germanica","Mespilus","germanica","080.033.001","LB",248,30011,"SLB","FALSCH","Magnoliopsida trees",35,"bu","aLn","shw","BI","BI","aLB","BI","aLn","Fagus sylvatica","Fagus sylvatica"
"54",142,"Nu","Walnussbaum","Juglans regia","Juglans","regia","033.001.001","LB",26,30011,"SLB","WAHR","Magnoliopsida trees",35,"bu","aLh","bu","BU","BU","aLB","ES","aLh","Fagus sylvatica","Fagus sylvatica"
"55",143,"Pl","Platane","Platanus x hybrida","Platanus","x hybrida","","LB",99,30011,"SLB","FALSCH","Magnoliopsida trees",35,"bu","aLh","bu","BU","BU","aLB","ES","aLh","Fagus sylvatica","Fagus sylvatica"
"56",144,"RKa","Rosskastanie","Aesculus hippocastanum","Aesculus","hippocastanum","097.001.001","LB",221,30011,"KA","WAHR","Magnoliopsida trees",35,"bu","aLh","bu","BU","BU","aLB","ES","aLh","Fagus sylvatica","Fagus sylvatica"
"57",145,"SWe","Salweide","Salix caprea","Salix","caprea","031.001.041","LB",58,30011,"SLB","WAHR","Salix spp.",34,"bu","aLn","shw","BI","BI","aLB","BI","aLn","Salix spp.","Salix spp."
"58",146,"SNu","Schwarznuss","Juglans nigra","Juglans","nigra","033.001.002","LB",25,30011,"SLB","FALSCH","Magnoliopsida trees",35,"bu","aLh","bu","BU","BU","aLB","ES","aLh","Fagus sylvatica","Fagus sylvatica"
"59",147,"SPa","Schwarzpappel","Populus nigra","Populus","nigra","031.022.008","LB",34,30011,"PA","WAHR","Populus spp.",19,"bu","aLn","shw","BI","BI","aLB","BI","aLn","Populus spp.","Populus balsamifera"
"60",148,"Sp","Speierling","Sorbus domestica","Sorbus","domestica","080.028.001","LB",65,30011,"VB","WAHR","Sorbus aucuparia",36,"bu","aLh","bu","BU","BU","aLB","VB","aLh","Sorbus domestica","Sorbus domestica"
"61",150,"SPi","Spirke","Pinus uncinata","Pinus","uncinata","026.007.009","NB",135,30012,"KI","FALSCH","Pinus sylvestris",5,"ki","ki","ki","KI","KI","KI","KI","ki","Pinus spp.","Pinus spp."
"62",151,"SuE","Sumpfeiche","Quercus palustris","Quercus","palustris","036.004.002","LB",237,30011,"EI","WAHR","Quercus spp.",17,"ei","ei","ei","EI","EI","aLB","EI","ei","Quercus spp.","Quercus spp."
"63",152,"FTk","Fruehbl. Traubenkirsche","Prunus padus","Prunus","padus","080.035.017","LB",38,30011,"KIR","WAHR","Prunus avium",29,"bu","aLn","shw","BI","BI","aLB","BI","aLn","Prunus avium","Prunus avium"
"64",153,"STk","Spaetbl. Traubenkirsche","Prunus serotina","Prunus","serotina","080.035.018","LB",39,30011,"KIR","WAHR","Prunus avium",29,"bu","aLn","shw","BI","BI","aLB","BI","aLn","Prunus avium","Prunus avium"
"65",154,"Tu","Tulpenbaum","Liriodendron tulipifera","Liriodendron","tulipifera","064.001.001","LB",247,30011,"SLB","WAHR","Magnoliopsida trees",35,"bu","aLn","shw","BI","BI","aLB","BI","aLn","Fagus sylvatica","Fagus sylvatica"
"66",156,"WEs","Weißesche","Fraxinus americana","Fraxinus","americana","","LB",226,30011,"ES","FALSCH","Fraxinus excelsior",21,"bu","aLh","bu","ES","BU","aLB","ES","aLh","Fraxinus excelsior","Fraxinus excelsior"
"67",157,"WAp","Wildapfel","Malus sylvestris","Malus","sylvestris","080.027.003","LB",220,30011,"SLB","WAHR","Magnoliopsida trees",35,"bu","aLn","shw","BI","BI","aLB","BI","aLn","Malus sylvestris","Malus sylvestris"
"68",158,"WBi","Wildbirne","Pyrus pyraster","Pyrus","pyraster","080.026.004","LB",253,30011,"SLB","WAHR","Magnoliopsida trees",35,"bu","aLn","shw","BI","BI","aLB","BI","aLn","Pyrus pyraster","Pyrus pyraster"
"69",159,"WZw","Wildzwetschge","Prunus cerasifera","Prunus","cerasifera","080.035.007","LB",232,30011,"KIR","FALSCH","Prunus avium",29,"bu","aLn","shw","BI","BI","aLB","BI","aLn","Prunus avium","Prunus avium"
"70",160,"ZEi","Zerreiche","Quercus cerris","Quercus","cerris","036.004.008","LB",41,30011,"EI","WAHR","Quercus spp.",17,"ei","ei","ei","EI","EI","aLB","EI","ei","Quercus spp.","Quercus spp."
"71",161,"AsH","Aspenhybriden","Populus hybrides","Populus","hybrides","","LB",33,30011,"PA","FALSCH","Populus spp.",19,"bu","aLn","shw","BI","BI","aLB","BI","aLn","Populus spp.","Populus balsamifera"
"72",162,"Edl","Edellaubholz","alii frons noble","alii","frons noble","","LB",99,30011,"SLB","FALSCH","Magnoliopsida trees",35,"bu","aLn","shw","BI","BI","aLB","BI","aLn","Fagus sylvatica","Fagus sylvatica"
"73",163,"Ei","Eiche","Quercus robur x petraea","Quercus","robur x petraea","036.004.999.DL","LB",98,30013,"EI","WAHR","Quercus spp.",17,"ei","ei","ei","EI","EI","aLB","EI","ei","Quercus spp.","Quercus spp."
"74",164,"WPa","Weisspappel","Populus alba","Populus","alba","031.022.001","LB",31,30011,"PA","FALSCH","Populus spp.",19,"bu","aLn","shw","BI","BI","aLB","BI","aLn","Populus spp.","Populus balsamifera"
"75",165,"WWE","Weißweide","Salix alba","Salix","alba","031.001.003","LB",57,30011,"SLB","FALSCH","Salix spp.",34,"bu","aLn","shw","BI","BI","aLB","BI","aLn","Salix spp.","Salix spp."
"76",166,"WDe","Eingriffeliger Weißdorn","Crataegus monogyna","Crataegus","monogyna","080.034.014","LB",90,30011,"SLB","FALSCH","Magnoliopsida trees",35,"bu","aLn","shw","BI","BI","aLB","BI","aLn","Fagus sylvatica","Fagus sylvatica"
"77",167,"WDs","Weißdorn","Crataegus spp.","Crataegus","spp.","080.034.999.DL","LB",217,30011,"SLB","FALSCH","Magnoliopsida trees",35,"bu","aLn","shw","BI","BI","aLB","BI","aLn","Fagus sylvatica","Fagus sylvatica"
"78",168,"HPa","Hybrid Pappel","Populus hybrides","Populus","hybrides","","LB",33,30011,"PA","WAHR","Populus spp.",19,"bu","aLn","shw","BI","BI","aLB","BI","aLn","Populus spp.","Populus balsamifera"
"79",199,"sLb","sonstige Laubbaeume","alii frons","alii","frons","999.999.001.DL","LB",99,30011,"SLB","WAHR","Magnoliopsida trees",35,"bu","aLn","shw","BI","BI","aLB","BI","aLn","Fagus sylvatica","Fagus sylvatica"
"80",200,"Ta","Tanne","Abies spp.","Abies","spp.","026.001.999.DL","NB",198,30012,"TA","WAHR","Abies alba",3,"ta","fi","fi","FI","FI","aNB","FI","ta","Abies alba","Abies alba"
"81",205,"JLa","Japanische Laerche","Larix kaempferi ","Larix","kaempferi ","026.005.001","NB",117,30012,"JLA","WAHR","Larix spp.",9,"lae","ki","ki","KI","LA","aNB","FI","lae","Larix spp.","Larix spp."
"82",206,"Fi","Fichte","Picea spp.","Picea","spp.","026.004.999.DL","NB",199,30012,"FI","FALSCH","Picea abies",1,"fi","fi","fi","FI","FI","FI","FI","fi","Picea abies","Picea abies"
"83",207,"GFi","Gewoehnliche Fichte","Picea abies ","Picea","abies ","026.004.001","NB",118,30014,"FI","WAHR","Picea abies",1,"fi","fi","fi","FI","FI","FI","FI","fi","Picea abies","Picea abies"
"84",208,"SFi","Sitka-Fichte","Picea sitchensis","Picea","sitchensis","026.004.006","NB",120,30012,"FI","WAHR","Picea abies",1,"fi","fi","fi","FI","FI","FI","FI","fi","Picea abies","Picea abies"
"85",209,"Ki","Kiefer","Pinus spp.","Pinus","spp.","026.007.999.DL","NB",199,30015,"KI","FALSCH","Pinus sylvestris",5,"ki","ki","ki","KI","KI","KI","KI","ki","Pinus spp.","Pinus spp."
"86",212,"Dgl","Douglasie","Pseudotsuga menziestii","Pseudotsuga","menziestii","026.002.001","NB",136,30012,"DGL","WAHR","Pseudotsuga menziesii",8,"dgl","fi","fi","FI","FI","aNB","FI","dgl","Pseudotsuga menziesii","Pseudotsuga menziesii"
"87",213,"KiB","Bankskiefer","Pinus banksiana","Pinus","banksiana","026.007.004","NB",153,30012,"KI","WAHR","Pinus sylvestris",5,"ki","ki","ki","KI","KI","KI","KI","ki","Pinus spp.","Pinus spp."
"88",214,"BKi","Bergkiefer","Pinus mugo","Pinus","mugo","026.007.008","NB",128,30012,"KI","WAHR","Pinus sylvestris",5,"ki","ki","ki","KI","KI","KI","KI","ki","Pinus spp.","Pinus spp."
"89",215,"SZy","Scheinzypresse","Chamaecyparis lawsoniana","Chamaecyparis","lawsoniana","028.002.001","NB",140,30012,"SNB","FALSCH","Coniferales trees",14,"fi","fi","fi","FI","FI","aNB","FI","fi","Picea abies","Picea abies"
"90",216,"STa","Silbertanne","Abies concolor","Abies","concolor","","NB",199,30012,"TA","FALSCH","Abies alba",3,"ta","fi","fi","FI","FI","aNB","FI","ta","Abies alba","Abies alba"
"91",217,"DKi","Drehkiefer","Pinus contorta","Pinus","contorta","026.007.001","NB",124,30012,"KI","FALSCH","Pinus sylvestris",5,"ki","ki","ki","KI","KI","KI","KI","ki","Pinus spp.","Pinus spp."
"92",218,"ETa","Edeltanne","Abies procera","Abies","procera","026.001.001","NB",106,30012,"TA","WAHR","Abies alba",3,"ta","fi","fi","FI","FI","aNB","FI","ta","Abies alba","Abies alba"
"93",219,"Eib","Eibe","Taxus baccata","Taxus","baccata","029.001.001","NB",137,30012,"EIB","WAHR","Coniferales trees",14,"fi","fi","fi","FI","FI","aNB","FI","fi","Taxus baccata","Taxus baccata"
"94",220,"HTa","Hemlocktanne","Tsuga spp.","Tsuga","spp.","","NB",139,30012,"SNB","WAHR","Tsuga heterophylla",13,"fi","fi","fi","FI","FI","aNB","FI","fi","Picea abies","Picea abies"
"95",221,"HLä","Hybridlaerche","Larix eurolepis","Larix","eurolepis","","NB",150,30012,"LAE","FALSCH","Larix spp.",9,"lae","ki","ki","KI","LA","aNB","FI","lae","Larix spp.","Larix spp."
"96",222,"Ara","Japantanne","Araucaria araucana","Araucaria","araucana","","NB",157,30012,"SNB","FALSCH","Coniferales trees",14,"fi","fi","fi","FI","FI","aNB","FI","fi","Picea abies","Picea abies"
"97",223,"Le","Lebensbaum","Thuja spp.","Thuja","spp.","","NB",138,30012,"SNB","WAHR","Thuja plicata",12,"fi","fi","fi","FI","FI","aNB","FI","fi","Picea abies","Picea abies"
"98",224,"LTa","Lowes Tanne","abies …","abies","…","","NB",199,30012,"TA","FALSCH","Coniferales trees",14,"fi","fi","fi","FI","FI","aNB","FI","fi","Picea abies","Picea abies"
"99",225,"Mes","Urweltmammutbaum","Metasequoia glyptostroboides","Metasequoia","glyptostroboides","","NB",160,30012,"SNB","FALSCH","Coniferales trees",14,"fi","fi","fi","FI","FI","aNB","FI","fi","Picea abies","Picea abies"
"100",226,"NTa","Nordmannstanne","Abies nordmanniana","Abies","nordmanniana","026.001.005","NB",104,30012,"TA","WAHR","Abies alba",3,"ta","fi","fi","FI","FI","aNB","FI","ta","Abies alba","Abies alba"
"101",227,"OFi","Omorika Fichte","Picea omorika","Picea","omorika","","NB",119,30012,"FI","FALSCH","Picea abies",1,"fi","fi","fi","FI","FI","FI","FI","fi","Picea abies","Picea abies"
"102",228,"PKi","Pechkiefer","Pinus rigida","Pinus","rigida","","NB",155,30012,"KI","FALSCH","Pinus sylvestris",5,"ki","ki","ki","KI","KI","KI","KI","ki","Pinus spp.","Pinus spp."
"103",229,"PTa","Purpurtanne","Abies amabilis","Abies","amabilis","","NB",147,30012,"TA","FALSCH","Abies alba",3,"ta","fi","fi","FI","FI","aNB","FI","ta","Abies alba","Abies alba"
"104",230,"RZy","Rauchzypresse","Calocedrus decurrens","Calocedrus","decurrens","","NB",158,30012,"SNB","FALSCH","Coniferales trees",14,"fi","fi","fi","FI","FI","aNB","FI","fi","Picea abies","Picea abies"
"105",232,"Se","Riesenmammutbaum","Sequoiadendron giganteum","Sequoiadendron","giganteum","027.002.001","NB",161,30012,"SNB","FALSCH","Coniferales trees",14,"fi","fi","fi","FI","FI","aNB","FI","fi","Picea abies","Picea abies"
"106",233,"TaS","Sicheltanne","Cryptomeria japonica","Cryptomeria","japonica","027.004.001","NB",159,30012,"SNB","FALSCH","Coniferales trees",14,"fi","fi","fi","FI","FI","aNB","FI","fi","Picea abies","Picea abies"
"107",234,"FiS","Stechfichte","Picea pungens","Picea","pungens","026.004.005","NB",152,30012,"FI","FALSCH","Picea abies",1,"fi","fi","fi","FI","FI","FI","FI","fi","Picea abies","Picea abies"
"108",236,"SLä","Sumpflaerche","Larix laricina","Larix","laricina","","NB",199,30012,"LAE","FALSCH","Larix spp.",9,"lae","ki","ki","KI","LA","aNB","FI","lae","Larix spp.","Larix spp."
"109",237,"VTa","Veits Tanne","Abies veitchii","Abies","veitchii","","NB",149,30012,"TA","FALSCH","Abies alba",3,"ta","fi","fi","FI","FI","aNB","FI","ta","Abies alba","Abies alba"
"110",238,"WFi","Weißfichte","Picea glauca","Picea","glauca","026.004.003","NB",151,30012,"FI","FALSCH","Picea abies",1,"fi","fi","fi","FI","FI","FI","FI","fi","Picea abies","Picea abies"
"111",239,"ZKi","Zirbelkiefer","Pinus cembra","Pinus","cembra","026.007.014","NB",123,30012,"KI","WAHR","Pinus sylvestris",5,"ki","ki","ki","KI","KI","KI","KI","ki","Pinus spp.","Pinus spp."
"112",299,"sNd","sonstige Nadelbaeume","alii acus","alii","acus","999.999.002.DL","NB",199,30012,"SNB","WAHR","Coniferales trees",14,"fi","fi","fi","FI","FI","aNB","FI","fi","Picea abies","Picea abies"
"113",303,"SWa","Stinkende Wacholder","Juniperus foetidissima","Juniperus","foetidissima","028.005.008","NB",145,30012,"SNB","FALSCH","Coniferales trees",14,"fi","fi","fi","FI","FI","aNB","FI","fi","Picea abies","Picea abies"
"114",304,"KFi","Kaukasus-Fichte","Picea orientalis","Picea","orientalis","026.004.002","NB",146,30012,"FI","FALSCH","Picea abies",1,"fi","fi","fi","FI","FI","FI","FI","fi","Picea abies","Picea abies"
"115",305,"LZe","Libanon-Zeder","Cedrus libani","Cedrus","libani","","NB",143,30012,"SNB","FALSCH","Coniferales trees",14,"fi","fi","fi","FI","FI","aNB","FI","fi","Picea abies","Picea abies"
"116",306,"CTa","Kilikische Tanne","Abies cilicica","Abies","cilicica","","NB",142,30012,"TA","FALSCH","Abies alba",3,"ta","fi","fi","FI","FI","aNB","FI","ta","Abies alba","Abies alba"
"117",307,"GWa","Gemeiner Wacholder","Juniperus communis","Juniperus","communis","028.005.002","NB",111,30012,"SNB","FALSCH","Coniferales trees",14,"fi","fi","fi","FI","FI","aNB","FI","fi","Picea abies","Picea abies"
"118",308,"FrA","Französische Ahorn","Acer monspessulanum","Acer","monspessulanum","095.001.013","LB",2,30011,"AH","WAHR","Acer spp.",22,"bu","aLh","bu","AH","BU","aLB","BAH","aLh","Acer spp.","Acer spp."
"119",309,"SbA","Schneeball-Ahorn","Acer opalus","Acer","opalus","095.001.008","LB",3,30011,"AH","WAHR","Acer spp.",22,"bu","aLh","bu","AH","BU","aLB","BAH","aLh","Acer spp.","Acer spp."
"120",310,"KAp","Kulturapfel","Malus domestica","Malus","domestica","080.027.006","LB",27,30011,"SLB","FALSCH","Magnoliopsida trees",35,"bu","aLn","shw","BI","BI","aLB","BI","aLn","Malus sylvestris","Malus sylvestris"
"121",311,"KBi","Kulturbirne","Pyrus communis","Pyrus","communis","080.026.013","LB",40,30011,"SLB","WAHR","Magnoliopsida trees",35,"bu","aLn","shw","BI","BI","aLB","BI","aLn","Pyrus pyraster","Pyrus pyraster"
"122",312,"HEr","Herzblättrige Erle
","Alnus cordata ","Alnus","cordata ","034.002.005","LB",6,30011,"ERL","FALSCH","Alnus spp.",28,"bu","aLn","shw","ERL","BI","ERL","BI","aLn","Alnus spp.","Alnus spp."
"123",313,"ÖEb","Östliche Erdbeerbaum","Arbutus andrachne","Arbutus","andrachne","132.012.002","LB",74,30011,"SLB","FALSCH","Magnoliopsida trees",35,"bu","aLn","shw","BI","BI","aLB","BI","aLn","Fagus sylvatica","Fagus sylvatica"
"124",314,"WEb","Westlicher Erdbeerbaum","Arbutus unedo","Arbutus","unedo","132.012.001","LB",73,30011,"SLB","FALSCH","Magnoliopsida trees",35,"bu","aLn","shw","BI","BI","aLB","BI","aLn","Fagus sylvatica","Fagus sylvatica"
"125",315,"OBu","Orient-Buche","Fagus orientalis","Fagus","orientalis","","LB",19,30011,"BU","FALSCH","Fagus sylvatica",15,"bu","bu","bu","BU","BU","aLB","BU","bu","Fagus sylvatica","Fagus sylvatica"
"126",316,"BSl","Breitblättrige Steinlinde","Phillyrea latifolia","Phillyrea","latifolia","139.008.002","LB",82,30011,"SLB","FALSCH","Magnoliopsida trees",35,"bu","aLn","shw","BI","BI","aLB","BI","aLn","Fagus sylvatica","Fagus sylvatica"
"127",317,"WPi","Wilde Pistazie","Pistacia lentiscus","Pistacia","lentiscus","094.003.004","LB",84,30011,"SLB","FALSCH","Magnoliopsida trees",35,"bu","aLn","shw","BI","BI","aLB","BI","aLn","Fagus sylvatica","Fagus sylvatica"
"128",318,"Eri","Erikagewächs Strauch","Erica manipuliflora","Erica","manipuliflora","132.001.012","LB",79,30011,"SLB","FALSCH","Magnoliopsida trees",35,"bu","aLn","shw","BI","BI","aLB","BI","aLn","Fagus sylvatica","Fagus sylvatica"
"129",319,"EWa","Griechischer Wacholder","Juniperus excelsa","Juniperus","excelsa","028.005.009","NB",144,30012,"SNB","FALSCH","Coniferales trees",14,"fi","fi","fi","FI","FI","aNB","FI","fi","Picea abies","Picea abies"
"130",320,"OWa","Stech-Wacholder","Juniperus oxycedrus","Juniperus","oxycedrus","028.005.003","NB",112,30012,"SNB","FALSCH","Coniferales trees",14,"fi","fi","fi","FI","FI","aNB","FI","fi","Picea abies","Picea abies"
"131",321,"PWa","Phönizische Wacholder","Juniperus phoenicea","Juniperus","phoenicea","028.005.006","NB",113,30012,"SNB","FALSCH","Coniferales trees",14,"fi","fi","fi","FI","FI","aNB","FI","fi","Picea abies","Picea abies"
"132",322,"SaW","Stink-Wacholder/Sadebaum","Juniperus sabina","Juniperus","sabina","028.005.010","NB",114,30012,"SNB","FALSCH","Coniferales trees",14,"fi","fi","fi","FI","FI","aNB","FI","fi","Picea abies","Picea abies"
"133",323,"TWa","Spanischer Wacholder","Juniperus thurifera","Juniperus","thurifera","028.005.007","NB",115,30012,"SNB","FALSCH","Coniferales trees",14,"fi","fi","fi","FI","FI","aNB","FI","fi","Picea abies","Picea abies"
"134",324,"HZw","Hauszwetschge","Prunus domestica","Prunus","domestica","?","LB",233,30011,"KIR","FALSCH","Prunus avium",29,"bu","aLn","shw","BI","BI","aLB","BI","aLn","Prunus avium","Prunus avium"
"135",325,"GBu","Gewöhnliche Buchsbaum","Buxus sempervirens","Buxus","sempervirens","","LB",12,30011,"SLB","FALSCH","Magnoliopsida trees",35,"bu","aLn","shw","BI","BI","aLB","BI","aLn","Fagus sylvatica","Fagus sylvatica"
"136",326,"Ohb","Orientalische Hainbuche","Carpinus orientalis","Carpinus","orientalis","","LB",14,30011,"HBU","WAHR","Carpinus betulus",16,"bu","aLh","bu","BU","BU","aLB","ES","aLh","Carpinus betulus","Carpinus betulus"
"137",327,"HaN","Haselnussstrauch","Corylus avellana","Corylus","avellana","","LB",16,30011,"SLB","FALSCH","Magnoliopsida trees",35,"bu","aLh","bu","BU","BU","aLB","ES","aLh","Fagus sylvatica","Fagus sylvatica"
"138",328,"Euk","Eukalypten","Eucalyptus spp.","Eucalyptus","spp.","","LB",17,30011,"SLB","FALSCH","Magnoliopsida trees",35,"bu","aLn","shw","BI","BI","aLB","BI","aLn","Fagus sylvatica","Fagus sylvatica"
"139",329,"FaM","? Fagus moesiaca","Fagus moesiaca","Fagus","moesiaca","","LB",18,30011,"BU","FALSCH","Fagus sylvatica",15,"bu","bu","bu","BU","BU","aLB","BU","bu","Fagus sylvatica","Fagus sylvatica"
"140",330,"SbE","Schmalblättrige Esche","Fraxinus angustifolia spp. Oxycarpa","Fraxinus","angustifolia spp. Oxycarpa","","LB",21,30011,"ES","FALSCH","Fraxinus excelsior",21,"bu","aLh","bu","ES","BU","aLB","ES","aLh","Fraxinus excelsior","Fraxinus excelsior"
"141",331,"MaE","Manna-Esche","Fraxinus ornus","Fraxinus","ornus","","LB",23,30011,"ES","FALSCH","Fraxinus excelsior",21,"bu","aLh","bu","ES","BU","aLB","ES","aLh","Fraxinus excelsior","Fraxinus excelsior"
"142",332,"ESt","Europäische Stechpalme","Ilex aquifolium","Ilex","aquifolium","","LB",24,30011,"SLB","FALSCH","Magnoliopsida trees",35,"bu","aLn","shw","BI","BI","aLB","BI","aLn","Fagus sylvatica","Fagus sylvatica"
"143",333,"EOe","Echtem Ölbaum","Olea europaea","Olea","europaea","","LB",28,30011,"SLB","FALSCH","Magnoliopsida trees",35,"bu","aLn","shw","BI","BI","aLB","BI","aLn","Fagus sylvatica","Fagus sylvatica"
"144",334,"HoB","Hopfenbuche","Ostrya carpinifolia","Ostrya","carpinifolia","","LB",29,30011,"SLB","FALSCH","Magnoliopsida trees",35,"bu","aLn","shw","BI","BI","aLB","BI","aLn","Fagus sylvatica","Fagus sylvatica"
"145",335,"OPl","Orientalische Platane","Platanus orientalis","Platanus","orientalis","","LB",30,30011,"SLB","FALSCH","Magnoliopsida trees",35,"bu","aLh","bu","BU","BU","aLB","ES","aLh","Fagus sylvatica","Fagus sylvatica"
"146",336,"MaB","Mandelbaum","Prunus dulcis","Prunus","dulcis","","LB",37,30011,"KIR","FALSCH","Prunus avium",29,"bu","aLh","bu","BU","BU","aLB","ES","aLh","Prunus avium","Prunus avium"
"147",337,"StE","Stech-/Kermes-Eiche","Quercus coccifera","Quercus","coccifera","","LB",42,30011,"EI","FALSCH","Quercus spp.",17,"ei","ei","ei","EI","EI","aLB","EI","ei","Quercus spp.","Quercus spp."
"148",338,"PoE","Portugiesische-/Zen-Eiche","Quercus faginea","Quercus","faginea","","LB",43,30011,"EI","FALSCH","Quercus spp.",17,"ei","ei","ei","EI","EI","aLB","EI","ei","Quercus spp.","Quercus spp."
"149",339,"UnE","Ungarische Eiche","Quercus frainetto","Quercus","frainetto","","LB",44,30011,"EI","FALSCH","Quercus spp.",17,"ei","ei","ei","EI","EI","aLB","EI","ei","Quercus spp.","Quercus spp."
"150",340,"GaE","Gallen-/Färber-Eiche","Quercus fruticosa","Quercus","fruticosa","","LB",45,30011,"EI","FALSCH","Quercus spp.",17,"ei","ei","ei","EI","EI","aLB","EI","ei","Quercus spp.","Quercus spp."
"151",341,"SeE","Steineiche","Quercus ilex","Quercus","ilex","","LB",46,30011,"EI","FALSCH","Quercus spp.",17,"ei","ei","ei","EI","EI","aLB","EI","ei","Quercus spp.","Quercus spp."
"152",342,"VaE","Valonia Eiche","Quercus macrolepis","Quercus","macrolepis","","LB",47,30011,"EI","FALSCH","Quercus spp.",17,"ei","ei","ei","EI","EI","aLB","EI","ei","Quercus spp.","Quercus spp."
"153",343,"FlE","Flaumeiche","Quercus pubescens","Quercus","pubescens","","LB",49,30011,"EI","FALSCH","Quercus spp.",17,"ei","ei","ei","EI","EI","aLB","EI","ei","Quercus spp.","Quercus spp."
"154",345,"PyE","Pyrenäen-Eiche","Quercus pyrenaica","Quercus","pyrenaica","","LB",50,30011,"EI","FALSCH","Quercus spp.",17,"ei","ei","ei","EI","EI","aLB","EI","ei","Quercus spp.","Quercus spp."
"155",346,"SiE","Steineiche","Quercus rotundifolia","Quercus","rotundifolia","","LB",52,30011,"EI","FALSCH","Quercus spp.",17,"ei","ei","ei","EI","EI","aLB","EI","ei","Quercus spp.","Quercus spp."
"156",347,"KoE","Korkeiche","Quercus suber","Quercus","suber","","LB",54,30011,"EI","FALSCH","Quercus spp.",17,"ei","ei","ei","EI","EI","aLB","EI","ei","Quercus spp.","Quercus spp."
"157",348,"MzE","Mazedonische Eiche","Quercus trojana","Quercus","trojana","","LB",55,30011,"EI","FALSCH","Quercus spp.",17,"ei","ei","ei","EI","EI","aLB","EI","ei","Quercus spp.","Quercus spp."
"158",349,"AaW","Asch-Weide","Salix cinerea","Salix","cinerea","","LB",59,30011,"SLB","FALSCH","Salix spp.",34,"bu","aLn","shw","BI","BI","aLB","BI","aLn","Salix spp.","Salix spp."
"159",350,"LaW","Lavendel-Weide","Salix eleagnos","Salix","eleagnos","","LB",60,30011,"SLB","FALSCH","Salix spp.",34,"bu","aLn","shw","BI","BI","aLB","BI","aLn","Salix spp.","Salix spp."
"160",351,"AfT","Afrikanische Tamariske","Tamarix africana","Tamarix","africana","","LB",67,30011,"SLB","FALSCH","Magnoliopsida trees",35,"bu","aLn","shw","BI","BI","aLB","BI","aLn","Fagus sylvatica","Fagus sylvatica"
"161",352,"Jbb","Johannisbrotbaum","Ceratonia siliqua","Ceratonia","siliqua","","LB",75,30011,"SLB","FALSCH","Magnoliopsida trees",35,"bu","aLn","shw","BI","BI","aLB","BI","aLn","Fagus sylvatica","Fagus sylvatica"
"162",353,"GJb","Gewöhnliche Judasbaum","Cercis siliquastrum","Cercis","siliquastrum","","LB",76,30011,"SLB","FALSCH","Magnoliopsida trees",35,"bu","aLn","shw","BI","BI","aLB","BI","aLn","Fagus sylvatica","Fagus sylvatica"
"163",354,"BHe","Baumheide","Erica arborea","Erica","arborea","","LB",77,30011,"SLB","FALSCH","Magnoliopsida trees",35,"bu","aLn","shw","BI","BI","aLB","BI","aLn","Fagus sylvatica","Fagus sylvatica"
"164",355,"SHe","Spanische Besen-Heide","Erica scoparia","Erica","scoparia","","LB",78,30011,"SLB","FALSCH","Magnoliopsida trees",35,"bu","aLn","shw","BI","BI","aLB","BI","aLn","Fagus sylvatica","Fagus sylvatica"
"165",356,"ELo","Echte Lorbeer","Laurus nobilis","Laurus","nobilis","","LB",80,30011,"SLB","FALSCH","Magnoliopsida trees",35,"bu","aLn","shw","BI","BI","aLB","BI","aLn","Fagus sylvatica","Fagus sylvatica"
"166",357,"GMy","Gemeine Myrte","Myrtus communis","Myrtus","communis","","LB",81,30011,"SLB","FALSCH","Magnoliopsida trees",35,"bu","aLn","shw","BI","BI","aLB","BI","aLn","Fagus sylvatica","Fagus sylvatica"
"167",358,"SSL","Steinlinde","Phillyrea angustifolia","Phillyrea","angustifolia","","LB",83,30011,"SLB","FALSCH","Magnoliopsida trees",35,"bu","aLn","shw","BI","BI","aLB","BI","aLn","Fagus sylvatica","Fagus sylvatica"
"168",359,"TPi","Terpentin-Pistazie","Pistacia terebinthus","Pistacia","terebinthus","","LB",85,30011,"SLB","FALSCH","Magnoliopsida trees",35,"bu","aLn","shw","BI","BI","aLB","BI","aLn","Fagus sylvatica","Fagus sylvatica"
"169",360,"SWd","Schwarzer Weißdorn","Rhamnus oleoides","Rhamnus","oleoides","","LB",86,30011,"SLB","FALSCH","Magnoliopsida trees",35,"bu","aLh","bu","BU","BU","aLB","FKD","aLh","Fagus sylvatica","Fagus sylvatica"
"170",361,"SKd","Stechpalmen-Kreuzdorn","Rhamnus alaternus","Rhamnus","alaternus","","LB",87,30011,"SLB","FALSCH","Magnoliopsida trees",35,"bu","aLh","bu","BU","BU","aLB","FKD","aLh","Fagus sylvatica","Fagus sylvatica"
"171",362,"FjB","Fjellbirke","Betula tortuosa","Betula","tortuosa","","LB",88,30011,"BI","FALSCH","Betula spp.",26,"bu","aLn","shw","BI","BI","BI","BI","aLn","Betula spp.","Betula spp."
"172",363,"KaS","Kanarische Stechpalme","Ilex canariensis","Ilex","canariensis","","LB",91,30011,"SLB","FALSCH","Magnoliopsida trees",35,"bu","aLn","shw","BI","BI","aLB","BI","aLn","Fagus sylvatica","Fagus sylvatica"
"173",364,"AzL","Azoren-Lorbeer","Laurus canariensis","Laurus","canariensis","","LB",92,30011,"SLB","FALSCH","Magnoliopsida trees",35,"bu","aLn","shw","BI","BI","aLB","BI","aLn","Fagus sylvatica","Fagus sylvatica"
"174",365,"GaB","Gagelbaum","Myrica faya","Myrica","faya","","LB",93,30011,"SLB","FALSCH","Magnoliopsida trees",35,"bu","aLn","shw","BI","BI","aLB","BI","aLn","Fagus sylvatica","Fagus sylvatica"
"175",366,"ZAE","Zentralanatolische Eichen","Quercus ?","Quercus","?","","LB",94,30011,"EI","FALSCH","Quercus spp.",17,"ei","ei","ei","EI","EI","aLB","EI","ei","Quercus spp.","Quercus spp."
"176",367,"BTa","Bulgarische Tanne","Abies borisii-regis","Abies","borisii-regis","","NB",101,30012,"TA","FALSCH","Abies alba",3,"ta","fi","fi","FI","FI","aNB","FI","ta","Abies alba","Abies alba"
"177",368,"GTa","Griechische Tanne","Abies cephalonica","Abies","cephalonica","","NB",102,30012,"TA","FALSCH","Abies alba",3,"ta","fi","fi","FI","FI","aNB","FI","ta","Abies alba","Abies alba"
"178",369,"SpT","Spanische Tanne","Abies pinsapo","Abies","pinsapo","","NB",105,30012,"TA","FALSCH","Abies alba",3,"ta","fi","fi","FI","FI","aNB","FI","ta","Abies alba","Abies alba"
"179",370,"AtZ","Atlas-Zeder","Cedrus atlantica","Cedrus","atlantica","","NB",107,30012,"SNB","FALSCH","Coniferales trees",14,"fi","fi","fi","FI","FI","aNB","FI","fi","Picea abies","Picea abies"
"180",371,"HiZ","Himalaya-Zeder","Cedrus deodara","Cedrus","deodara","","NB",108,30012,"SNB","FALSCH","Coniferales trees",14,"fi","fi","fi","FI","FI","aNB","FI","fi","Picea abies","Picea abies"
"181",372,"WZe","Weiße Zeder","Cupressus lusitanica","Cupressus","lusitanica","","NB",109,30012,"SNB","FALSCH","Coniferales trees",14,"fi","fi","fi","FI","FI","aNB","FI","fi","Picea abies","Picea abies"
"182",373,"MZy","Mittelmeerzypresse","Cupressus sempervirens","Cupressus","sempervirens","","NB",110,30012,"SNB","FALSCH","Coniferales trees",14,"fi","fi","fi","FI","FI","aNB","FI","fi","Picea abies","Picea abies"
"183",374,"KKi","Kalabrische Kiefer","Pinus brutia","Pinus","brutia","","NB",121,30012,"KI","FALSCH","Pinus sylvestris",5,"ki","ki","ki","KI","KI","KI","KI","ki","Pinus spp.","Pinus spp."
"184",375,"KaK","Kanarische Kiefer","Pinus canariensis","Pinus","canariensis","","NB",122,30012,"KI","FALSCH","Pinus sylvestris",5,"ki","ki","ki","KI","KI","KI","KI","ki","Pinus spp.","Pinus spp."
"185",376,"AKi","Aleppo-Kiefer","Pinus halepensis","Pinus","halepensis","","NB",125,30012,"KI","FALSCH","Pinus sylvestris",5,"ki","ki","ki","KI","KI","KI","KI","ki","Pinus spp.","Pinus spp."
"186",377,"ScK","Schlangenhaut-Kiefer","Pinus heldreichii","Pinus","heldreichii","","NB",126,30012,"KI","FALSCH","Pinus sylvestris",5,"ki","ki","ki","KI","KI","KI","KI","ki","Pinus spp.","Pinus spp."
"187",378,"ShK","Schlangenhaut-Kiefer","Pinus leucodermis","Pinus","leucodermis","","NB",127,30012,"KI","FALSCH","Pinus sylvestris",5,"ki","ki","ki","KI","KI","KI","KI","ki","Pinus spp.","Pinus spp."
"188",379,"SeK","See-Kiefer","Pinus pinaster","Pinus","pinaster","","NB",130,30012,"KI","FALSCH","Pinus sylvestris",5,"ki","ki","ki","KI","KI","KI","KI","ki","Pinus spp.","Pinus spp."
"189",380,"ISK","Italienische Steinkiefer","Pinus pinea","Pinus","pinea","","NB",131,30012,"KI","FALSCH","Pinus sylvestris",5,"ki","ki","ki","KI","KI","KI","KI","ki","Pinus spp.","Pinus spp."
"190",381,"MoK","Monterey-Kiefer","Pinus radiata","Pinus","radiata","","NB",132,30012,"KI","FALSCH","Pinus sylvestris",5,"ki","ki","ki","KI","KI","KI","KI","ki","Pinus spp.","Pinus spp."
"191",382,"ZyZ","Zypern-Zeder","Cedrus brevifolia","Cedrus","brevifolia","","NB",141,30012,"SNB","FALSCH","Coniferales trees",14,"fi","fi","fi","FI","FI","aNB","FI","fi","Picea abies","Picea abies"
"192",383,"Hei","Hartwiss-Eiche","Quercus hartwissiana","Quercus","hartwissiana","","LB",201,30011,"EI","FALSCH","Quercus spp.",17,"ei","ei","ei","EI","EI","aLB","EI","ei","Quercus spp.","Quercus spp."
"193",384,"KEi","Kasnak-Eiche","Quercus vulcanica","Quercus","vulcanica","","LB",202,30011,"EI","FALSCH","Quercus spp.",17,"ei","ei","ei","EI","EI","aLB","EI","ei","Quercus spp.","Quercus spp."
"194",385,"AEi","Aleppo-Eiche","Quercus infectoria","Quercus","infectoria","","LB",203,30011,"EI","FALSCH","Quercus spp.",17,"ei","ei","ei","EI","EI","aLB","EI","ei","Quercus spp.","Quercus spp."
"195",386,"PEi","Persische Eiche","Quercus macranthera","Quercus","macranthera","","LB",204,30011,"EI","FALSCH","Quercus spp.",17,"ei","ei","ei","EI","EI","aLB","EI","ei","Quercus spp.","Quercus spp."
"196",387,"LEi","Libanon-Eiche","Quercus libani","Quercus","libani","","LB",205,30011,"EI","FALSCH","Quercus spp.",17,"ei","ei","ei","EI","EI","aLB","EI","ei","Quercus spp.","Quercus spp."
"197",388,"BEi","Brant'sche Eiche","Quercus brantii","Quercus","brantii","","LB",206,30011,"EI","FALSCH","Quercus spp.",17,"ei","ei","ei","EI","EI","aLB","EI","ei","Quercus spp.","Quercus spp."
"198",389,"MEi","Mount Tabor-Eiche","Quercus ithaburensis","Quercus","ithaburensis","","LB",207,30011,"EI","FALSCH","Quercus spp.",17,"ei","ei","ei","EI","EI","aLB","EI","ei","Quercus spp.","Quercus spp."
"199",390,"AuE","Auchers Eiche","Quercus aucheri","Quercus","aucheri","","LB",208,30011,"EI","FALSCH","Quercus spp.",17,"ei","ei","ei","EI","EI","aLB","EI","ei","Quercus spp.","Quercus spp."
"200",391,"ArE","Armenische Eiche","Quercus pontica","Quercus","pontica","","LB",209,30011,"EI","FALSCH","Quercus spp.",17,"ei","ei","ei","EI","EI","aLB","EI","ei","Quercus spp.","Quercus spp."
"201",392,"EAh","Eschen-Ahorn / Eschenblättriger Ahorn","Acer negundo","Acer","negundo","","LB",222,30011,"AH","FALSCH","Acer spp.",22,"bu","aLh","bu","AH","BU","aLB","BAH","aLh","Acer spp.","Acer spp."
"202",393,"ScA","Schneeball-Ahorn / Schneeballblättriger Ahorn","Acer obtusatum","Acer","obtusatum","","LB",223,30011,"AH","FALSCH","Acer spp.",22,"bu","aLh","bu","AH","BU","aLB","BAH","aLh","Acer spp.","Acer spp."
"203",394,"SiA","Silber-Ahorn","Acer saccharinum","Acer","saccharinum","","LB",224,30011,"AH","FALSCH","Acer spp.",22,"bu","aLh","bu","AH","BU","aLB","BAH","aLh","Acer spp.","Acer spp."
"204",395,"TSA","Tatarische Steppen-Ahorn","Acer tataricum","Acer","tataricum","","LB",225,30011,"AH","FALSCH","Acer spp.",22,"bu","aLh","bu","AH","BU","aLB","BAH","aLh","Acer spp.","Acer spp."
"205",396,"GöB","Götterbaum","Ailanthus altissima","Ailanthus","altissima","","LB",242,30011,"SLB","FALSCH","Magnoliopsida trees",35,"bu","aLn","shw","BI","BI","aLB","BI","aLn","Fagus sylvatica","Fagus sylvatica"
"206",398,"PMB"," Papiermaulbeerbaum","Broussonetia papyrifera","Broussonetia","papyrifera","","LB",243,30011,"SLB","FALSCH","Magnoliopsida trees",35,"bu","aLn","shw","BI","BI","aLB","BI","aLn","Fagus sylvatica","Fagus sylvatica"
"207",399,"SHi","Schindelborkige Hickorynuss / Schuppenrinden-Hickorynus","Carya ovata","Carya","ovata","","LB",244,30011,"SLB","FALSCH","Magnoliopsida trees",35,"bu","aLn","shw","BI","BI","aLB","BI","aLn","Fagus sylvatica","Fagus sylvatica"
"208",400,"BHa","Baum-Hasel, auch Tärkische Hasel","Corylus colurna","Corylus","colurna","","LB",245,30011,"SLB","FALSCH","Magnoliopsida trees",35,"bu","aLh","bu","BU","BU","aLB","ES","aLh","Fagus sylvatica","Fagus sylvatica"
"209",401,"ZgW"," Zweigriffelige Weißdorn","Crataegus laevigata","Crataegus","laevigata","","LB",246,30011,"SLB","FALSCH","Magnoliopsida trees",35,"bu","aLn","shw","BI","BI","aLB","BI","aLn","Fagus sylvatica","Fagus sylvatica"
"210",403,"AGR","Alpen-Goldregen","Laburnum alpinum","Laburnum","alpinum","","LB",228,30011,"SLB","FALSCH","Magnoliopsida trees",35,"bu","aLn","shw","BI","BI","aLB","BI","aLn","Fagus sylvatica","Fagus sylvatica"
"211",404,"GGR","Gewöhnlicher Goldregen","Laburnum anagyroides","Laburnum","anagyroides","","LB",229,30011,"SLB","FALSCH","Magnoliopsida trees",35,"bu","aLn","shw","BI","BI","aLB","BI","aLn","Fagus sylvatica","Fagus sylvatica"
"212",406,"BGB","Blauglockenbaum","Paulownia tomentosa","Paulownia","tomentosa","","LB",249,30011,"SLB","FALSCH","Magnoliopsida trees",35,"bu","aLn","shw","BI","BI","aLB","BI","aLn","Fagus sylvatica","Fagus sylvatica"
"213",407,"PET","Petterie","Petteria ramentacea","Petteria","ramentacea","","LB",250,30011,"SLB","FALSCH","Magnoliopsida trees",35,"bu","aLn","shw","BI","BI","aLB","BI","aLn","Fagus sylvatica","Fagus sylvatica"
"214",408,"BSt","Breitblättrige Steinlinde","Phillyrea media","Phillyrea","media","","LB",251,30011,"SLB","FALSCH","Magnoliopsida trees",35,"bu","aLn","shw","BI","BI","aLB","BI","aLn","Fagus sylvatica","Fagus sylvatica"
"215",409,"RuK","Rumelische Kiefer, Mazedonische Kiefer oder Balkankiefe","Pinus peuce","Pinus","peuce","","NB",154,30012,"KI","FALSCH","Pinus sylvestris",5,"ki","ki","ki","KI","KI","KI","KI","ki","Pinus spp.","Pinus spp."
"216",410,"TäK","Tränenkiefer","Pinus wallichiana","Pinus","wallichiana","","NB",156,30012,"KI","FALSCH","Pinus sylvestris",5,"ki","ki","ki","KI","KI","KI","KI","ki","Pinus spp.","Pinus spp."
"217",411,"APl","Ahornblättrige Platane/Bastard-Platane, Gewöhnliche Pla","Platanus x acerifolia","Platanus","x acerifolia","","LB",252,30011,"SLB","FALSCH","Magnoliopsida trees",35,"bu","aLh","bu","BU","BU","aLB","ES","aLh","Fagus sylvatica","Fagus sylvatica"
"218",412,"KSP","Kanadische Schwarz-Pappel oder Rosenkranz-Pappel","Populus deltoides","Populus","deltoides","","LB",231,30011,"PA","FALSCH","Populus spp.",19,"bu","aLn","shw","BI","BI","aLB","BI","aLn","Populus spp.","Populus balsamifera"
"219",413,"LoK","Lorbeerkirsche/Pontische Lorbeer-Kirsche und Kirschlorb","Prunus laurocerasus","Prunus","laurocerasus","","LB",234,30011,"KIR","FALSCH","Prunus avium",29,"bu","aLn","shw","BI","BI","aLB","BI","aLn","Prunus avium","Prunus avium"
"220",414,"StW","Steinweichsel, Felsen-oder Weichselkirsche","Prunus mahaleb","Prunus","mahaleb","","LB",235,30011,"KIR","FALSCH","Prunus avium",29,"bu","aLn","shw","BI","BI","aLB","BI","aLn","Prunus avium","Prunus avium"
"221",415,"ScD","Schlehdorn, Schwarzdorn","Prunus sppinosa","Prunus","sppinosa","","LB",236,30011,"KIR","FALSCH","Prunus avium",29,"bu","aLn","shw","BI","BI","aLB","BI","aLn","Prunus avium","Prunus avium"
"222",416,"GbE","Gestieltblätige Eiche","Quercus pedunculiflora","Quercus","pedunculiflora","","LB",238,30011,"EI","FALSCH","Quercus spp.",17,"ei","ei","ei","EI","EI","aLB","EI","ei","Quercus spp.","Quercus spp."
"223",417,"PuW","Purpurweide / Bachweide","Salix purpurea","Salix","purpurea","","LB",239,30011,"SLB","FALSCH","Salix spp.",34,"bu","aLn","shw","BI","BI","aLB","BI","aLn","Salix spp.","Salix spp."
"224",418,"MaW","Mandelweide","Salix triandra","Salix","triandra","","LB",240,30011,"SLB","FALSCH","Salix spp.",34,"bu","aLn","shw","BI","BI","aLB","BI","aLn","Salix spp.","Salix spp."
"225",419,"KoW","Korb-Weide / Hanf-Weide","Salix viminalis","Salix","viminalis","","LB",241,30011,"SLB","FALSCH","Salix spp.",34,"bu","aLn","shw","BI","BI","aLB","BI","aLn","Salix spp.","Salix spp."
"226",420,"ÖMb","Ostalpen-Mehlbeere, Alpen-Mehlbeere und Alpen-Oxelbirne","Sorbus austriaca","Sorbus","austriaca","","LB",254,30011,"VB","FALSCH","Sorbus aucuparia",36,"bu","aLh","bu","BU","BU","aLB","VB","aLh","Sorbus spp.","Sorbus spp."
"227",421,"SoT","Sommertamariske","Tamarix ramosissima","Tamarix","ramosissima","","LB",162,30011,"SLB","FALSCH","Magnoliopsida trees",35,"bu","aLn","shw","BI","BI","aLB","BI","aLn","Fagus sylvatica","Fagus sylvatica"
"228",422,"ESZ","Echte Sumpfzypresse","Taxodium distichum","Taxodium","distichum","","LB",163,30011,"SLB","FALSCH","Magnoliopsida trees",35,"bu","aLn","shw","BI","BI","aLB","BI","aLn","Fagus sylvatica","Fagus sylvatica"
"229",423,"SiL","Silber-Linde","Tilia tomentosa","Tilia","tomentosa","","LB",255,30011,"LI","FALSCH","Tilia spp.",27,"bu","aLh","bu","BU","BU","aLB","ES","aLh","Tilia spp.","Tilia spp."
"230",424,"HLT","Kanadische Hemlocktanne / Kanadische Schierlingstanne","Tsuga canadensis","Tsuga","canadensis","","NB",164,30012,"SNB","FALSCH","Tsuga heterophylla",13,"fi","fi","fi","FI","FI","aNB","FI","fi","Picea abies","Picea abies"
"231",425,"FUE","Flatterulme / Flatterrüster","Ulmus laevis","Ulmus","laevis","","LB",71,30011,"UL","WAHR","Ulmus spp.",30,"bu","aLh","bu","BU","BU","aLB","ES","aLh","Ulmus spp.","Ulmus spp."
"232",426,"FeU","Feldulme / Iper","Ulmus minor","Ulmus","minor","","LB",72,30011,"UL","FALSCH","Ulmus spp.",30,"bu","aLh","bu","BU","BU","aLB","ES","aLh","Ulmus spp.","Ulmus spp."
